500,Annie,Wilson,awilsondv@jiathis.com,Female,99.187.212.194
337,Barbara,Griffin,bgriffin9c@marriott.com,Female,32.169.250.255
678,Mark,Alexander,malexanderit@cyberchimps.com,Male,11.87.222.56
277,Martha,Ortiz,mortiz7o@wikispaces.com,Female,67.12.94.124
849,Diana,Patterson,dpattersonnk@europa.eu,Female,48.176.223.179
36,Sandra,Evans,sevansz@webnode.com,Female,235.40.14.24
749,Lois,Ross,lrossks@rakuten.co.jp,Female,103.57.148.233
662,Ronald,Howard,rhowardid@ed.gov,Male,31.3.145.11
997,Marie,Rivera,mriveraro@slideshare.net,Female,5.236.185.78
691,Larry,Nichols,lnicholsj6@tumblr.com,Male,129.135.116.19
835,Louise,Olson,lolsonn6@dagondesign.com,Female,112.106.67.143
200,Joe,Jenkins,jjenkins5j@wikimedia.org,Male,132.179.197.6
810,Laura,Perry,lperrymh@mozilla.org,Female,243.162.255.221
939,Paul,Hamilton,phamiltonq2@google.es,Male,47.64.97.154
832,Keith,Price,kpricen3@globo.com,Male,44.184.116.133
919,Sara,Ferguson,sfergusonpi@printfriendly.com,Female,247.93.171.245
76,Keith,Brooks,kbrooks23@reuters.com,Male,232.243.119.31
289,Kathy,Burton,kburton80@tinypic.com,Female,162.26.82.162
286,Anna,Simmons,asimmons7x@umich.edu,Female,215.229.43.215
241,Tina,Hernandez,thernandez6o@google.nl,Female,238.119.165.3
309,Ruth,Woods,rwoods8k@epa.gov,Female,79.251.255.160
371,Martha,Miller,mmilleraa@skyrock.com,Female,173.49.70.125
477,Pamela,Ramirez,pramirezd8@amazon.co.uk,Female,196.201.127.13
677,Jessica,Crawford,jcrawfordis@spiegel.de,Female,134.212.248.248
680,Ruth,Perkins,rperkinsiv@ezinearticles.com,Female,21.109.205.73
686,Peter,Williamson,pwilliamsonj1@pbs.org,Male,158.138.71.146
80,Linda,Armstrong,larmstrong27@behance.net,Female,0.116.42.199
660,Frances,Willis,fwillisib@dagondesign.com,Female,44.252.174.118
278,Albert,Ross,aross7p@wiley.com,Male,254.158.199.74
49,Louis,Jones,ljones1c@indiatimes.com,Male,239.150.69.175
879,Lois,Moore,lmooreoe@accuweather.com,Female,124.214.62.15
162,Billy,Bell,bbell4h@digg.com,Male,232.243.178.117
208,Michael,Gordon,mgordon5r@reddit.com,Male,97.163.37.117
917,Larry,Carroll,lcarrollpg@webmd.com,Male,188.116.170.25
443,Anthony,Gardner,agardnerca@forbes.com,Male,86.220.161.78
995,Roger,Owens,rowensrm@phpbb.com,Male,16.222.95.138
109,Frances,Hicks,fhicks30@prnewswire.com,Female,141.199.88.62
586,Anna,Olson,aolsong9@hugedomains.com,Female,80.219.120.85
601,Shawn,Garza,sgarzago@furl.net,Male,197.6.189.204
242,Marie,Lawson,mlawson6p@independent.co.uk,Female,35.70.99.172
243,Paula,Murphy,pmurphy6q@acquirethisname.com,Female,155.198.21.160
696,Larry,Gutierrez,lgutierrezjb@digg.com,Male,121.40.4.84
718,Maria,Gutierrez,mgutierrezjx@imageshack.us,Female,243.111.226.130
255,Michelle,Kim,mkim72@studiopress.com,Female,207.164.241.247
466,Roy,Lopez,rlopezcx@narod.ru,Male,20.135.111.200
992,Joshua,Lawrence,jlawrencerj@about.me,Male,228.107.184.76
123,Rachel,Ford,rford3e@bigcartel.com,Female,134.223.61.215
643,Brenda,Carroll,bcarrollhu@etsy.com,Female,144.231.25.241
303,Sharon,Hawkins,shawkins8e@flickr.com,Female,234.137.245.15
45,Theresa,Ellis,tellis18@simplemachines.org,Female,68.0.247.199
31,Ruth,Phillips,rphillipsu@oaic.gov.au,Female,232.242.220.162
27,Benjamin,Lawrence,blawrenceq@blogtalkradio.com,Male,61.196.220.80
217,Heather,Long,hlong60@studiopress.com,Female,24.89.174.117
511,Deborah,Jacobs,djacobse6@yandex.ru,Female,44.19.193.21
776,Carlos,Lee,cleelj@europa.eu,Male,165.246.22.59
915,Carol,Hughes,chughespe@europa.eu,Female,190.65.107.187
556,Tammy,Schmidt,tschmidtff@clickbank.net,Female,75.104.254.83
294,Rachel,Hansen,rhansen85@zdnet.com,Female,17.254.128.82
393,Roger,Harper,rharperaw@rakuten.co.jp,Male,114.224.199.112
460,Nicholas,Ryan,nryancr@sina.com.cn,Male,173.136.32.63
797,Jason,Dean,jdeanm4@opensource.org,Male,227.61.229.233
302,Sarah,Rose,srose8d@de.vu,Female,116.210.50.109
139,Lisa,Chapman,lchapman3u@amazon.co.uk,Female,215.213.109.16
315,Todd,Ryan,tryan8q@sogou.com,Male,107.69.71.235
311,Raymond,Taylor,rtaylor8m@statcounter.com,Male,108.204.45.156
684,Christopher,Hart,chartiz@last.fm,Male,110.28.21.205
789,Beverly,Cruz,bcruzlw@fc2.com,Female,17.55.93.182
170,Steve,Reynolds,sreynolds4p@scribd.com,Male,203.17.213.130
166,Rose,Bowman,rbowman4l@icq.com,Female,242.105.179.27
354,Victor,Henry,vhenry9t@washington.edu,Male,246.139.249.232
978,Henry,Jenkins,hjenkinsr5@indiegogo.com,Male,199.209.117.112
830,Ruth,Larson,rlarsonn1@nymag.com,Female,229.134.46.140
840,Beverly,Lynch,blynchnb@slashdot.org,Female,94.30.13.8
666,Eric,Morgan,emorganih@skype.com,Male,117.150.154.185
743,Christina,Black,cblackkm@disqus.com,Female,73.189.109.86
735,Louise,Moreno,lmorenoke@bloglines.com,Female,86.148.201.172
654,Frances,Ramirez,framirezi5@bloglovin.com,Female,177.47.131.198
761,Alan,Anderson,aandersonl4@un.org,Male,253.232.220.134
675,Lori,Alvarez,lalvareziq@wp.com,Female,205.8.11.75
84,Virginia,Harvey,vharvey2b@intel.com,Female,101.193.103.86
828,Carl,Myers,cmyersmz@ucoz.com,Male,169.187.53.36
571,Wayne,Wagner,wwagnerfu@twitter.com,Male,72.133.129.120
931,Deborah,Ryan,dryanpu@aol.com,Female,151.15.120.251
929,Eric,Schmidt,eschmidtps@wunderground.com,Male,236.93.169.220
154,Judy,Carter,jcarter49@wordpress.org,Female,72.179.161.158
521,Rose,Berry,rberryeg@chicagotribune.com,Female,252.0.10.27
130,Theresa,Rice,trice3l@github.io,Female,156.206.186.241
113,Ralph,Smith,rsmith34@scribd.com,Male,80.165.93.31
308,Judy,Johnston,jjohnston8j@npr.org,Female,163.244.19.27
290,Clarence,Watson,cwatson81@howstuffworks.com,Male,180.9.78.12
888,Kathy,Griffin,kgriffinon@trellian.com,Female,9.184.60.123
338,Phyllis,Hudson,phudson9d@typepad.com,Female,17.16.58.127
15,Jessica,Black,jblacke@list-manage.com,Female,26.111.127.73
765,Andrea,Welch,awelchl8@alibaba.com,Female,53.206.168.245
281,Julia,Fuller,jfuller7s@vinaora.com,Female,63.106.147.142
62,Jesse,Lawrence,jlawrence1p@dailymail.co.uk,Male,87.6.13.112
141,Anne,Crawford,acrawford3w@dell.com,Female,94.192.32.112
582,Susan,Mitchell,smitchellg5@usnews.com,Female,65.212.47.34
546,Julia,Hansen,jhansenf5@chicagotribune.com,Female,8.21.217.194
482,Daniel,Hunt,dhuntdd@mayoclinic.com,Male,62.194.227.177
920,Robin,Willis,rwillispj@ibm.com,Female,102.50.132.136
131,Johnny,Stevens,jstevens3m@issuu.com,Male,18.205.71.6
194,Victor,Robinson,vrobinson5d@booking.com,Male,195.165.83.211
33,Lori,Austin,laustinw@ezinearticles.com,Female,54.163.182.9
181,Christine,Watson,cwatson50@mysql.com,Female,186.143.90.128
549,Frances,Brown,fbrownf8@alibaba.com,Female,190.151.250.146
958,Jessica,Barnes,jbarnesql@gnu.org,Female,201.94.42.49
547,David,Martinez,dmartinezf6@phpbb.com,Male,41.248.55.190
572,Cynthia,Wells,cwellsfv@msn.com,Female,176.97.64.223
271,Lori,Reynolds,lreynolds7i@boston.com,Female,123.3.180.62
212,Matthew,Fernandez,mfernandez5v@cbc.ca,Male,126.233.168.54
980,Betty,Gonzalez,bgonzalezr7@springer.com,Female,247.220.250.230
72,Juan,Rice,jrice1z@twitter.com,Male,237.56.108.255
870,Mildred,Hart,mharto5@networksolutions.com,Female,132.11.135.17
428,Phillip,Wagner,pwagnerbv@pinterest.com,Male,53.133.153.174
592,Jose,Sanders,jsandersgf@vimeo.com,Male,221.120.149.45
728,Donna,Griffin,dgriffink7@comsenz.com,Female,153.92.1.72
183,Fred,Rogers,frogers52@vimeo.com,Male,238.20.151.188
313,Wayne,James,wjames8o@thetimes.co.uk,Male,164.200.70.77
856,Robert,Adams,radamsnr@psu.edu,Male,0.2.96.194
497,Johnny,Henderson,jhendersonds@bing.com,Male,251.161.59.240
77,Jean,Austin,jaustin24@google.ca,Female,7.248.70.236
270,Joe,Rice,jrice7h@theatlantic.com,Male,191.118.49.79
320,Stephen,Reynolds,sreynolds8v@patch.com,Male,121.204.20.71
692,Heather,Thompson,hthompsonj7@ucsd.edu,Female,194.250.89.137
449,Matthew,Harper,mharpercg@pen.io,Male,144.89.13.191
906,Patricia,Thomas,pthomasp5@wiley.com,Female,178.108.156.248
771,Sharon,Ross,srossle@techcrunch.com,Female,74.56.196.50
729,Steve,Mccoy,smccoyk8@imgur.com,Male,207.52.199.97
410,Michelle,Porter,mporterbd@sciencedaily.com,Female,97.93.17.207
377,Thomas,Day,tdayag@ovh.net,Male,185.185.58.223
11,Lillian,Nichols,lnicholsa@newyorker.com,Female,81.184.71.226
746,Kathryn,Jordan,kjordankp@webmd.com,Female,178.142.63.53
85,Kimberly,Simmons,ksimmons2c@weibo.com,Female,81.185.253.75
935,Joseph,Gonzales,jgonzalespy@sitemeter.com,Male,42.105.184.96
585,Margaret,Fisher,mfisherg8@photobucket.com,Female,194.255.137.41
485,Jimmy,Clark,jclarkdg@fastcompany.com,Male,155.164.8.242
66,Kelly,Gutierrez,kgutierrez1t@bloglovin.com,Female,53.66.182.34
13,Joe,Harper,jharperc@live.com,Male,235.89.181.126
492,Barbara,Howard,bhowarddn@arizona.edu,Female,246.105.19.171
689,Harry,Webb,hwebbj4@a8.net,Male,74.226.206.180
924,Steve,Henry,shenrypn@people.com.cn,Male,240.78.127.236
829,Joshua,Morris,jmorrisn0@jimdo.com,Male,204.167.24.31
503,Marie,Olson,molsondy@elpais.com,Female,102.72.124.178
734,Christina,Carpenter,ccarpenterkd@slate.com,Female,181.192.111.139
197,Alice,Austin,aaustin5g@weebly.com,Female,127.249.53.146
716,Theresa,Long,tlongjv@amazon.co.uk,Female,113.242.62.120
135,Donald,Garrett,dgarrett3q@zimbio.com,Male,237.122.38.116
887,Sharon,Jordan,sjordanom@naver.com,Female,177.150.226.15
81,Ashley,Burke,aburke28@liveinternet.ru,Female,132.152.186.161
421,Craig,Matthews,cmatthewsbo@privacy.gov.au,Male,108.124.24.64
54,Theresa,Wright,twright1h@tripod.com,Female,242.148.81.171
801,Amanda,Hernandez,ahernandezm8@merriam-webster.com,Female,184.184.4.46
335,Jean,Mccoy,jmccoy9a@artisteer.com,Female,12.230.19.221
149,Raymond,Perez,rperez44@stumbleupon.com,Male,80.61.186.246
925,Raymond,Romero,rromeropo@github.com,Male,63.92.224.78
614,Angela,Washington,awashingtonh1@wisc.edu,Female,175.64.199.236
522,Virginia,Chapman,vchapmaneh@wikia.com,Female,183.164.195.187
59,Patricia,Jackson,pjackson1m@auda.org.au,Female,51.152.8.42
501,Beverly,Graham,bgrahamdw@biblegateway.com,Female,26.203.199.62
690,Shawn,Freeman,sfreemanj5@xrea.com,Male,6.171.133.186
378,Douglas,Williamson,dwilliamsonah@friendfeed.com,Male,250.184.127.12
941,Lori,Parker,lparkerq4@lycos.com,Female,201.95.246.104
205,George,Nguyen,gnguyen5o@noaa.gov,Male,131.64.244.196
51,Roy,Burns,rburns1e@yellowbook.com,Male,151.194.110.70
804,Amy,Elliott,aelliottmb@tinypic.com,Female,214.32.224.238
238,Harry,Hunter,hhunter6l@prweb.com,Male,126.129.15.16
235,Robert,Gibson,rgibson6i@tmall.com,Male,43.112.115.128
990,Lori,Williamson,lwilliamsonrh@paypal.com,Female,195.141.129.152
652,Ann,Phillips,aphillipsi3@mtv.com,Female,63.177.242.255
399,Samuel,Austin,saustinb2@answers.com,Male,179.246.151.234
755,Sandra,Roberts,srobertsky@sourceforge.net,Female,60.28.8.79
960,Ruby,Montgomery,rmontgomeryqn@foxnews.com,Female,154.120.209.150
820,Kathy,Washington,kwashingtonmr@ibm.com,Female,116.138.23.226
407,Alice,Austin,aaustinba@geocities.com,Female,154.7.46.64
999,Nicholas,Alexander,nalexanderrq@nih.gov,Male,153.60.229.104
518,Fred,Knight,fknighted@home.pl,Male,247.24.154.107
688,Mark,Mccoy,mmccoyj3@shutterfly.com,Male,231.88.248.94
44,Kimberly,Nguyen,knguyen17@house.gov,Female,3.73.123.128
757,Angela,Gray,agrayl0@comsenz.com,Female,209.63.193.82
606,Charles,Hawkins,chawkinsgt@wikia.com,Male,15.80.92.117
982,Joyce,Dixon,jdixonr9@virginia.edu,Female,22.205.200.175
712,Mark,Baker,mbakerjr@statcounter.com,Male,80.244.5.171
517,Carlos,Alvarez,calvarezec@yolasite.com,Male,149.184.205.110
750,Donna,Alexander,dalexanderkt@google.co.uk,Female,48.210.120.174
848,Daniel,Alexander,dalexandernj@goo.gl,Male,79.124.250.146
914,Judith,Welch,jwelchpd@vk.com,Female,203.76.226.222
209,Ruth,Patterson,rpatterson5s@bravesites.com,Female,19.136.235.52
452,William,Fields,wfieldscj@dyndns.org,Male,39.233.84.191
575,Lori,Larson,llarsonfy@friendfeed.com,Female,6.182.23.158
427,Mark,Scott,mscottbu@unc.edu,Male,255.38.136.216
199,Maria,Gardner,mgardner5i@reddit.com,Female,221.129.250.133
962,Harry,Foster,hfosterqp@xinhuanet.com,Male,8.214.171.121
725,Howard,Duncan,hduncank4@t.co,Male,107.85.133.181
472,Nicholas,Woods,nwoodsd3@wired.com,Male,229.136.157.15
596,Jane,Dean,jdeangj@hp.com,Female,146.33.6.253
944,Carlos,Anderson,candersonq7@symantec.com,Male,55.96.163.219
532,Robert,Burns,rburnser@mlb.com,Male,211.0.230.195
597,Betty,Simmons,bsimmonsgk@skyrock.com,Female,63.38.244.175
358,Louise,Russell,lrussell9x@bbc.co.uk,Female,67.39.242.208
134,Douglas,Burton,dburton3p@ovh.net,Male,37.48.83.198
96,Janice,Myers,jmyers2n@ask.com,Female,252.58.174.19
979,Douglas,Patterson,dpattersonr6@thetimes.co.uk,Male,142.3.203.187
758,Albert,Carter,acarterl1@mapquest.com,Male,86.15.157.227
947,Marie,Murphy,mmurphyqa@newyorker.com,Female,113.132.207.143
408,Deborah,Simpson,dsimpsonbb@marketwatch.com,Female,196.130.39.135
253,Evelyn,Fields,efields70@mapy.cz,Female,44.68.254.14
384,Mildred,Kim,mkiman@last.fm,Female,33.106.125.145
1,Evelyn,King,eking0@google.co.uk,Female,152.123.161.188
581,Keith,Chapman,kchapmang4@tinypic.com,Male,51.183.37.143
404,Richard,Holmes,rholmesb7@sogou.com,Male,20.85.155.91
207,Willie,Davis,wdavis5q@mediafire.com,Male,119.153.23.124
700,Keith,Walker,kwalkerjf@ca.gov,Male,8.103.102.31
509,Phillip,Allen,pallene4@boston.com,Male,115.214.203.42
647,Clarence,Gray,cgrayhy@jalbum.net,Male,253.17.158.123
580,Linda,Willis,lwillisg3@businessweek.com,Female,24.69.90.172
837,Pamela,Collins,pcollinsn8@livejournal.com,Female,209.107.93.105
204,Christopher,Johnson,cjohnson5n@plala.or.jp,Male,107.17.178.5
663,Theresa,Hunt,thuntie@trellian.com,Female,127.205.170.137
4,Elizabeth,Warren,ewarren3@sciencedaily.com,Female,6.122.109.136
58,Lori,Morales,lmorales1l@istockphoto.com,Female,164.115.27.148
28,Peter,Perez,pperezr@ucoz.ru,Male,217.182.162.33
620,Jack,Washington,jwashingtonh7@google.pl,Male,1.216.179.30
873,Samuel,Medina,smedinao8@friendfeed.com,Male,14.22.5.78
316,Sharon,Torres,storres8r@addthis.com,Female,127.170.57.102
430,Steve,Rivera,sriverabx@slate.com,Male,174.3.251.110
282,Frances,Dunn,fdunn7t@latimes.com,Female,101.126.122.144
232,Karen,Medina,kmedina6f@blogs.com,Female,41.0.230.12
520,Anne,Black,ablackef@bloglines.com,Female,227.53.42.170
424,Maria,Stephens,mstephensbr@sun.com,Female,225.101.158.82
695,James,Lane,jlaneja@google.com.hk,Male,64.168.96.232
724,Todd,Peters,tpetersk3@a8.net,Male,237.52.129.125
285,Steve,Hunt,shunt7w@linkedin.com,Male,6.15.124.112
174,Margaret,Smith,msmith4t@bloglines.com,Female,255.107.81.198
610,Anna,Cooper,acoopergx@mail.ru,Female,37.169.12.22
351,Clarence,Mcdonald,cmcdonald9q@woothemes.com,Male,204.21.114.142
457,Lillian,Tucker,ltuckerco@mashable.com,Female,97.173.123.127
90,Sharon,Wells,swells2h@oakley.com,Female,143.26.172.88
220,George,Hanson,ghanson63@privacy.gov.au,Male,22.180.35.83
736,Walter,Medina,wmedinakf@elpais.com,Male,196.98.175.213
47,Scott,Banks,sbanks1a@engadget.com,Male,102.23.165.79
669,Russell,Butler,rbutlerik@yellowbook.com,Male,228.228.75.247
806,Janice,Sims,jsimsmd@zdnet.com,Female,41.90.27.124
352,Elizabeth,Palmer,epalmer9r@a8.net,Female,210.224.12.23
916,Joyce,Cooper,jcooperpf@cornell.edu,Female,30.180.243.14
496,Christina,Schmidt,cschmidtdr@oracle.com,Female,161.23.129.57
818,Anna,Gordon,agordonmp@bluehost.com,Female,230.53.198.38
397,Jacqueline,Lopez,jlopezb0@wisc.edu,Female,22.109.216.222
441,Carl,Medina,cmedinac8@nasa.gov,Male,154.42.247.27
803,Lillian,Stewart,lstewartma@myspace.com,Female,153.126.5.118
314,Antonio,Evans,aevans8p@qq.com,Male,51.137.115.220
107,Annie,Jordan,ajordan2y@narod.ru,Female,174.170.78.237
368,Kimberly,Allen,kallena7@yahoo.com,Female,125.253.188.81
894,Larry,Ryan,lryanot@i2i.jp,Male,118.188.77.133
221,Jean,Castillo,jcastillo64@usnews.com,Female,29.116.74.92
419,Jose,Sullivan,jsullivanbm@techcrunch.com,Male,12.167.54.237
850,Mildred,Diaz,mdiaznl@cnn.com,Female,143.165.197.192
126,Arthur,Stewart,astewart3h@tripod.com,Male,107.233.195.22
854,Angela,Bishop,abishopnp@nationalgeographic.com,Female,254.9.71.111
273,Jacqueline,Bradley,jbradley7k@hubpages.com,Female,88.91.97.97
767,Kenneth,Hudson,khudsonla@sogou.com,Male,224.158.44.148
639,Todd,Evans,tevanshq@si.edu,Male,134.196.138.168
395,Jean,Ellis,jellisay@statcounter.com,Female,56.171.211.252
533,Pamela,Scott,pscottes@geocities.com,Female,151.53.63.199
559,Diane,Carter,dcarterfi@businesswire.com,Female,32.27.215.46
127,Philip,Dixon,pdixon3i@spiegel.de,Male,135.170.12.102
82,Benjamin,Garcia,bgarcia29@amazon.com,Male,191.142.47.57
573,Roger,Hicks,rhicksfw@photobucket.com,Male,252.145.66.233
101,Paula,Perez,pperez2s@amazonaws.com,Female,112.126.6.242
825,Frances,Bryant,fbryantmw@mayoclinic.com,Female,170.222.90.252
112,Scott,Anderson,sanderson33@google.co.uk,Male,35.0.90.112
512,Jeffrey,Payne,jpaynee7@businesswire.com,Male,86.248.105.207
339,Adam,Murray,amurray9e@example.com,Male,93.102.92.116
715,Gerald,Lane,glaneju@elpais.com,Male,224.236.196.78
370,Jason,Powell,jpowella9@booking.com,Male,39.151.245.238
381,John,Harper,jharperak@t.co,Male,197.41.168.92
745,Jimmy,Harvey,jharveyko@photobucket.com,Male,181.136.209.102
513,Ruby,Phillips,rphillipse8@furl.net,Female,199.82.128.175
68,Daniel,Oliver,doliver1v@ucoz.ru,Male,112.83.186.78
275,Joe,Henry,jhenry7m@youtube.com,Male,150.27.160.147
976,Lawrence,Berry,lberryr3@usatoday.com,Male,138.47.25.117
868,Joshua,Jones,jjoneso3@umn.edu,Male,38.151.51.227
943,Gerald,Flores,gfloresq6@hhs.gov,Male,153.214.152.180
108,Patricia,Carter,pcarter2z@newyorker.com,Female,159.83.14.144
244,Frank,Roberts,froberts6r@princeton.edu,Male,152.67.191.87
103,Karen,Ryan,kryan2u@nymag.com,Female,122.49.146.107
554,Todd,Garcia,tgarciafd@tinyurl.com,Male,231.10.15.206
398,Wanda,Sims,wsimsb1@theglobeandmail.com,Female,221.140.1.126
774,Julia,Harper,jharperlh@list-manage.com,Female,113.152.88.119
218,Ryan,Morgan,rmorgan61@freewebs.com,Male,206.253.146.245
73,Debra,Rivera,drivera20@example.com,Female,229.109.211.122
998,Ronald,Spencer,rspencerrp@about.me,Male,201.148.186.218
425,Charles,Peterson,cpetersonbs@networkadvertising.org,Male,182.46.240.170
953,Annie,Sanchez,asanchezqg@hexun.com,Female,136.57.220.222
336,Ashley,Sims,asims9b@gov.uk,Female,166.61.49.46
478,Julie,Howell,jhowelld9@usnews.com,Female,179.208.3.16
948,Carlos,Green,cgreenqb@diigo.com,Male,33.183.14.12
258,Ruby,Hunt,rhunt75@berkeley.edu,Female,38.236.37.70
670,Arthur,Stevens,astevensil@weebly.com,Male,220.219.197.24
922,Judy,Stanley,jstanleypl@eepurl.com,Female,217.102.46.10
145,Arthur,Peterson,apeterson40@archive.org,Male,45.248.153.105
864,Julia,Wheeler,jwheelernz@sogou.com,Female,61.82.34.151
357,Christopher,Williamson,cwilliamson9w@washingtonpost.com,Male,18.92.174.111
603,Phyllis,Torres,ptorresgq@fc2.com,Female,203.248.72.40
989,Carl,Hart,chartrg@yellowbook.com,Male,51.174.65.151
363,Roger,Fowler,rfowlera2@instagram.com,Male,131.125.223.75
461,Irene,Gonzales,igonzalescs@bloglines.com,Female,34.237.244.141
507,Alan,Morales,amoralese2@aol.com,Male,235.34.46.95
40,Kathy,Fuller,kfuller13@digg.com,Female,168.193.62.22
510,Lillian,Frazier,lfraziere5@sakura.ne.jp,Female,160.166.226.114
705,Diana,Johnston,djohnstonjk@soundcloud.com,Female,51.130.48.196
857,Theresa,Reed,treedns@youtu.be,Female,12.35.103.36
293,Carol,Taylor,ctaylor84@earthlink.net,Female,113.131.234.191
412,Sharon,Brown,sbrownbf@dell.com,Female,160.117.39.99
216,Lori,Smith,lsmith5z@google.fr,Female,174.172.180.138
493,Kathryn,Garcia,kgarciado@sogou.com,Female,18.169.243.103
159,Anthony,Bishop,abishop4e@marketwatch.com,Male,230.17.93.39
143,Nicholas,Dixon,ndixon3y@vinaora.com,Male,152.161.40.35
763,Richard,Rose,rrosel6@army.mil,Male,83.238.26.88
918,Christina,Bennett,cbennettph@bandcamp.com,Female,252.219.74.248
213,Janice,Nelson,jnelson5w@nhs.uk,Female,12.237.96.252
388,Rebecca,Howell,rhowellar@npr.org,Female,153.254.3.245
32,Craig,Morris,cmorrisv@microsoft.com,Male,44.39.174.224
1000,Ruby,Reed,rreedrr@elegantthemes.com,Female,108.127.199.9
223,Ruth,Freeman,rfreeman66@virginia.edu,Female,191.23.146.133
185,Lawrence,Gomez,lgomez54@naver.com,Male,119.236.93.11
702,Christine,Nelson,cnelsonjh@auda.org.au,Female,92.62.17.152
163,Alice,Ruiz,aruiz4i@alexa.com,Female,207.169.13.253
714,Benjamin,Williams,bwilliamsjt@ifeng.com,Male,211.190.69.137
129,Raymond,Ryan,rryan3k@independent.co.uk,Male,136.41.211.168
951,Tammy,Chavez,tchavezqe@sbwire.com,Female,107.96.0.86
227,Mark,Robinson,mrobinson6a@marketwatch.com,Male,83.126.93.214
940,Joseph,Sanders,jsandersq3@answers.com,Male,149.218.80.55
193,Ralph,Parker,rparker5c@huffingtonpost.com,Male,57.173.122.134
651,Ann,Black,ablacki2@washingtonpost.com,Female,188.91.16.74
222,Dennis,Lawson,dlawson65@indiegogo.com,Male,113.114.170.193
104,Howard,Edwards,hedwards2v@blogs.com,Male,221.21.141.23
685,Norma,Collins,ncollinsj0@discovery.com,Female,130.189.46.171
817,Jean,Turner,jturnermo@dyndns.org,Female,15.118.196.165
83,Marie,Murphy,mmurphy2a@census.gov,Female,172.217.250.63
106,Barbara,Elliott,belliott2x@freewebs.com,Female,158.48.178.204
38,Alan,Knight,aknight11@instagram.com,Male,213.49.141.8
348,Jane,Shaw,jshaw9n@ebay.com,Female,84.231.63.239
468,Beverly,Oliver,bolivercz@cdc.gov,Female,192.84.90.89
191,Christina,Pierce,cpierce5a@hostgator.com,Female,144.159.141.88
834,Amanda,Williamson,awilliamsonn5@joomla.org,Female,116.187.105.123
645,Catherine,Spencer,cspencerhw@vistaprint.com,Female,39.237.119.242
91,Joyce,Marshall,jmarshall2i@google.com,Female,93.101.162.226
374,Diane,Thomas,dthomasad@economist.com,Female,12.25.36.238
681,Juan,Ross,jrossiw@engadget.com,Male,204.149.120.101
587,Kathy,Hart,khartga@jalbum.net,Female,188.196.142.105
562,Kathryn,Flores,kfloresfl@bing.com,Female,222.37.215.100
307,Kathleen,Reed,kreed8i@a8.net,Female,67.73.89.118
71,Julia,Franklin,jfranklin1y@pagesperso-orange.fr,Female,51.237.238.104
361,Nicholas,Hudson,nhudsona0@soundcloud.com,Male,125.36.110.115
626,Jason,Mendoza,jmendozahd@irs.gov,Male,34.115.224.161
17,Angela,Scott,ascottg@disqus.com,Female,186.92.55.42
439,Angela,Flores,afloresc6@nationalgeographic.com,Female,208.105.225.218
263,Marilyn,Nguyen,mnguyen7a@t.co,Female,13.77.236.233
621,Doris,Tucker,dtuckerh8@rediff.com,Female,138.234.251.177
247,Aaron,Mitchell,amitchell6u@reuters.com,Male,186.43.6.65
319,Elizabeth,White,ewhite8u@elegantthemes.com,Female,16.97.137.209
799,Adam,White,awhitem6@howstuffworks.com,Male,216.38.71.181
420,Sara,Jenkins,sjenkinsbn@yolasite.com,Female,215.78.221.183
366,Justin,Davis,jdavisa5@skype.com,Male,42.26.240.87
35,Anthony,Tucker,atuckery@timesonline.co.uk,Male,147.168.6.254
821,Douglas,Peters,dpetersms@fotki.com,Male,239.27.187.29
525,Keith,Gray,kgrayek@wufoo.com,Male,70.46.56.81
813,James,West,jwestmk@reuters.com,Male,168.237.6.201
284,Steven,Hayes,shayes7v@istockphoto.com,Male,48.25.183.252
766,Kimberly,Owens,kowensl9@nature.com,Female,43.227.15.162
451,Gregory,Palmer,gpalmerci@newsvine.com,Male,219.52.211.183
760,Gerald,Scott,gscottl3@myspace.com,Male,170.192.159.166
249,Ryan,White,rwhite6w@skyrock.com,Male,198.34.84.230
110,Jeremy,Murphy,jmurphy31@msn.com,Male,253.37.141.31
56,Kathy,Howell,khowell1j@digg.com,Female,171.116.127.84
171,Angela,Tucker,atucker4q@furl.net,Female,164.29.38.37
61,Stephanie,Fisher,sfisher1o@chron.com,Female,242.126.38.230
703,Shirley,Allen,sallenji@scribd.com,Female,19.253.100.250
568,Carl,Willis,cwillisfr@desdev.cn,Male,210.80.7.35
458,Amy,Young,ayoungcp@slideshare.net,Female,102.158.85.216
877,Kelly,Wallace,kwallaceoc@cocolog-nifty.com,Female,153.137.165.206
345,Randy,Kennedy,rkennedy9k@devhub.com,Male,156.107.202.95
721,Roger,Gutierrez,rgutierrezk0@fema.gov,Male,172.43.153.50
913,Melissa,Nguyen,mnguyenpc@eventbrite.com,Female,211.100.90.94
260,Sean,Marshall,smarshall77@ca.gov,Male,44.0.25.8
60,Julia,Harris,jharris1n@comcast.net,Female,102.21.38.27
479,Ralph,Mcdonald,rmcdonaldda@xrea.com,Male,224.1.33.237
942,Thomas,Ross,trossq5@google.it,Male,7.14.35.9
157,Harold,Robertson,hrobertson4c@netvibes.com,Male,123.128.240.231
266,Charles,Flores,cflores7d@businessinsider.com,Male,54.95.0.83
190,Shawn,Barnes,sbarnes59@over-blog.com,Male,21.149.217.6
211,Anne,Andrews,aandrews5u@elegantthemes.com,Female,102.122.246.247
250,Emily,Wallace,ewallace6x@thetimes.co.uk,Female,219.144.233.72
422,Benjamin,Jordan,bjordanbp@bloglines.com,Male,113.142.211.252
89,Donald,Long,dlong2g@webs.com,Male,196.47.117.132
773,Karen,Young,kyounglg@cbslocal.com,Female,184.8.63.252
784,Christopher,Young,cyounglr@hostgator.com,Male,151.194.140.158
343,Jose,Flores,jflores9i@cornell.edu,Male,30.58.119.216
514,Deborah,Ross,drosse9@ftc.gov,Female,208.187.184.224
644,Alice,Rodriguez,arodriguezhv@bloglovin.com,Female,195.204.90.222
248,Kathy,Hamilton,khamilton6v@theglobeandmail.com,Female,12.245.212.62
609,Heather,Nguyen,hnguyengw@csmonitor.com,Female,150.192.159.234
474,Lawrence,Anderson,landersond5@wix.com,Male,185.132.4.241
808,Shirley,Weaver,sweavermf@e-recht24.de,Female,184.102.7.61
752,Terry,Hanson,thansonkv@bigcartel.com,Male,102.200.12.206
630,Ernest,Brooks,ebrookshh@mashable.com,Male,150.13.140.23
674,Ernest,Alvarez,ealvarezip@whitehouse.gov,Male,123.170.208.17
364,Jerry,Hunt,jhunta3@dot.gov,Male,136.76.220.177
228,Elizabeth,Little,elittle6b@scribd.com,Female,130.16.183.148
822,Douglas,Knight,dknightmt@marriott.com,Male,232.166.0.20
160,Andrew,Welch,awelch4f@free.fr,Male,49.237.110.239
46,Linda,Gonzalez,lgonzalez19@ow.ly,Female,196.55.191.107
599,Gregory,Bradley,gbradleygm@uiuc.edu,Male,176.238.52.184
964,Laura,Owens,lowensqr@engadget.com,Female,90.153.216.11
515,Adam,Hughes,ahughesea@amazon.de,Male,169.1.209.122
362,Michelle,Reynolds,mreynoldsa1@time.com,Female,39.120.181.86
584,Debra,Hicks,dhicksg7@rambler.ru,Female,90.99.191.216
276,Fred,Montgomery,fmontgomery7n@topsy.com,Male,23.59.138.254
229,Billy,Stevens,bstevens6c@sina.com.cn,Male,42.189.191.40
469,Jane,Johnston,jjohnstond0@cisco.com,Female,216.56.251.144
558,Gary,Alexander,galexanderfh@time.com,Male,154.170.94.130
949,Philip,Myers,pmyersqc@redcross.org,Male,120.59.117.195
528,Jonathan,Jones,jjonesen@live.com,Male,164.213.214.138
52,Martha,Henderson,mhenderson1f@rediff.com,Female,186.126.178.166
355,Cynthia,Reyes,creyes9u@census.gov,Female,81.192.227.253
389,Craig,Black,cblackas@google.com.br,Male,128.138.1.137
996,Wayne,Green,wgreenrn@wisc.edu,Male,203.46.38.19
986,Sharon,Flores,sfloresrd@dagondesign.com,Female,132.218.135.226
535,Mary,Ramirez,mramirezeu@toplist.cz,Female,247.75.173.114
219,Carl,Robinson,crobinson62@domainmarket.com,Male,81.251.251.170
631,William,Carr,wcarrhi@tuttocitta.it,Male,66.73.222.125
6,Mary,Morgan,mmorgan5@purevolume.com,Female,199.126.32.1
394,Earl,Gonzales,egonzalesax@archive.org,Male,115.181.36.17
409,Victor,Bishop,vbishopbc@cbsnews.com,Male,52.35.108.61
805,Jack,Palmer,jpalmermc@wordpress.org,Male,245.187.41.130
99,Rose,Anderson,randerson2q@reddit.com,Female,217.84.98.95
955,Frank,Nelson,fnelsonqi@printfriendly.com,Male,204.235.112.244
201,Denise,Little,dlittle5k@instagram.com,Female,2.151.55.188
876,Angela,Wright,awrightob@xing.com,Female,251.12.112.231
529,Harold,Welch,hwelcheo@skype.com,Male,90.216.120.210
833,David,Stevens,dstevensn4@altervista.org,Male,2.78.0.196
380,Larry,Evans,levansaj@patch.com,Male,246.142.126.11
269,Maria,Henry,mhenry7g@bloglines.com,Female,250.89.96.75
693,Ernest,Porter,eporterj8@stanford.edu,Male,16.171.97.155
459,Nicole,Sanchez,nsanchezcq@cbslocal.com,Female,111.82.93.234
527,Eugene,Lane,elaneem@is.gd,Male,71.120.182.215
847,Rose,Lawrence,rlawrenceni@domainmarket.com,Female,248.205.131.156
719,Charles,Gardner,cgardnerjy@imgur.com,Male,168.175.98.42
634,Ashley,Hall,ahallhl@cargocollective.com,Female,227.85.153.7
447,Emily,Gilbert,egilbertce@youku.com,Female,140.31.109.160
114,Carlos,Hicks,chicks35@answers.com,Male,208.218.222.89
853,Frank,Griffin,fgriffinno@imageshack.us,Male,179.208.207.6
823,Jesse,Price,jpricemu@dropbox.com,Male,2.82.113.77
890,Norma,Austin,naustinop@icq.com,Female,109.7.252.174
839,Frank,Miller,fmillerna@github.com,Male,130.70.228.54
465,Mark,Bryant,mbryantcw@thetimes.co.uk,Male,192.76.161.94
831,Jennifer,Chapman,jchapmann2@auda.org.au,Female,247.47.189.255
198,Patrick,Grant,pgrant5h@hao123.com,Male,252.242.197.69
70,George,Sanchez,gsanchez1x@cpanel.net,Male,130.0.2.14
588,Norma,James,njamesgb@nydailynews.com,Female,214.217.33.102
444,Wayne,Bradley,wbradleycb@narod.ru,Male,29.71.76.218
555,Jerry,Carter,jcarterfe@narod.ru,Male,218.173.134.231
561,Joseph,Larson,jlarsonfk@ted.com,Male,32.206.192.106
280,Brian,Owens,bowens7r@360.cn,Male,184.147.122.29
959,Todd,Ortiz,tortizqm@apple.com,Male,12.233.107.161
298,Jeffrey,Frazier,jfrazier89@theatlantic.com,Male,47.12.232.122
491,Eric,Turner,eturnerdm@hostgator.com,Male,156.87.84.87
426,Christopher,Bryant,cbryantbt@bravesites.com,Male,67.223.111.74
306,James,Diaz,jdiaz8h@t.co,Male,249.248.200.150
325,Daniel,Morgan,dmorgan90@google.com,Male,215.191.58.184
132,Alice,Carpenter,acarpenter3n@berkeley.edu,Female,220.40.63.224
22,Judith,Miller,jmillerl@php.net,Female,173.251.17.78
860,Andrea,Cooper,acoopernv@tripod.com,Female,23.136.233.91
895,Jean,Crawford,jcrawfordou@admin.ch,Female,105.226.165.75
635,Theresa,Rose,trosehm@yahoo.co.jp,Female,170.241.72.234
704,Willie,Butler,wbutlerjj@nps.gov,Male,118.187.37.247
658,Deborah,Bell,dbelli9@domainmarket.com,Female,118.181.209.19
246,Arthur,Shaw,ashaw6t@imgur.com,Male,227.26.194.113
111,Andrea,Kim,akim32@wordpress.org,Female,135.69.207.250
356,Dorothy,Turner,dturner9v@wp.com,Female,212.142.51.160
164,Katherine,Murray,kmurray4j@mac.com,Female,108.19.34.196
963,Eugene,Wilson,ewilsonqq@seattletimes.com,Male,2.176.30.123
24,Shawn,Ward,swardn@sciencedaily.com,Male,90.192.25.32
69,Philip,Edwards,pedwards1w@tmall.com,Male,107.103.10.86
423,Larry,Burton,lburtonbq@ucoz.com,Male,162.61.124.56
182,Ernest,Harrison,eharrison51@msn.com,Male,211.106.119.35
327,Linda,Wells,lwells92@xing.com,Female,120.74.204.79
697,Anne,Rodriguez,arodriguezjc@google.nl,Female,184.138.247.198
984,Gregory,Burns,gburnsrb@prlog.org,Male,79.62.80.75
912,David,Ray,draypb@about.com,Male,95.1.116.1
187,Marilyn,Hicks,mhicks56@wix.com,Female,179.131.196.124
815,Jane,Garcia,jgarciamm@answers.com,Female,60.117.26.12
731,Paula,Gonzales,pgonzaleska@furl.net,Female,96.17.223.165
966,Jeffrey,Watson,jwatsonqt@eventbrite.com,Male,96.233.123.200
344,Anne,Gardner,agardner9j@cyberchimps.com,Female,120.22.32.219
117,Patrick,Castillo,pcastillo38@abc.net.au,Male,177.30.28.71
991,Joyce,Reed,jreedri@wufoo.com,Female,244.181.130.220
908,Andrew,Welch,awelchp7@deliciousdays.com,Male,103.228.236.52
843,Douglas,Hall,dhallne@behance.net,Male,121.232.25.166
968,Jose,Hudson,jhudsonqv@mac.com,Male,125.201.42.136
265,Gregory,Alexander,galexander7c@nyu.edu,Male,247.75.85.62
471,Rachel,Hart,rhartd2@google.nl,Female,102.55.237.240
809,Theresa,Anderson,tandersonmg@mozilla.org,Female,162.129.15.17
961,Daniel,Lee,dleeqo@amazon.co.uk,Male,88.249.114.200
50,Sean,Barnes,sbarnes1d@technorati.com,Male,85.45.26.163
5,Sharon,Kennedy,skennedy4@shutterfly.com,Female,99.76.46.44
946,Steven,Carr,scarrq9@zimbio.com,Male,129.190.68.113
261,Gerald,Griffin,ggriffin78@jugem.jp,Male,188.38.200.174
328,Patrick,Alexander,palexander93@zimbio.com,Male,137.219.57.177
321,Ruby,Elliott,relliott8w@domainmarket.com,Female,242.104.25.130
694,Jeffrey,Perry,jperryj9@engadget.com,Male,198.124.70.118
534,Joan,Adams,jadamset@scientificamerican.com,Female,253.44.92.222
544,Janice,Price,jpricef3@meetup.com,Female,246.49.80.222
699,Lillian,Jackson,ljacksonje@alexa.com,Female,4.161.1.218
144,Amy,Hall,ahall3z@lycos.com,Female,229.159.74.28
279,Ronald,Riley,rriley7q@feedburner.com,Male,172.91.144.1
957,Ruby,Weaver,rweaverqk@vistaprint.com,Female,83.242.93.91
629,Roger,Moore,rmoorehg@weather.com,Male,67.28.170.160
340,Charles,Johnston,cjohnston9f@springer.com,Male,240.177.141.5
158,Douglas,King,dking4d@huffingtonpost.com,Male,44.53.39.156
726,Cheryl,Hansen,chansenk5@shinystat.com,Female,220.191.148.21
618,Shawn,Berry,sberryh5@thetimes.co.uk,Male,146.179.116.5
987,Carl,Weaver,cweaverre@themeforest.net,Male,88.78.57.164
168,Stephen,Green,sgreen4n@state.tx.us,Male,114.66.35.153
713,Robert,Medina,rmedinajs@mozilla.com,Male,188.31.115.81
952,Paula,Ferguson,pfergusonqf@jimdo.com,Female,57.151.201.244
18,Bonnie,Johnston,bjohnstonh@bbc.co.uk,Female,144.226.210.36
333,Heather,Henderson,hhenderson98@arizona.edu,Female,95.237.162.243
37,Jesse,Morris,jmorris10@alibaba.com,Male,112.14.241.6
239,Patrick,Garrett,pgarrett6m@acquirethisname.com,Male,59.69.5.218
794,Beverly,Peters,bpetersm1@posterous.com,Female,7.7.157.220
909,Katherine,Henderson,khendersonp8@si.edu,Female,0.172.68.177
656,Clarence,Ford,cfordi7@storify.com,Male,95.128.167.41
488,Irene,Williams,iwilliamsdj@gravatar.com,Female,10.221.173.59
231,Wanda,Ramirez,wramirez6e@bloglovin.com,Female,184.11.24.60
744,Ralph,Martin,rmartinkn@ucla.edu,Male,214.68.151.2
762,Karen,Hill,khilll5@123-reg.co.uk,Female,164.192.95.185
682,Kenneth,Little,klittleix@artisteer.com,Male,189.120.176.114
387,Billy,Ford,bfordaq@elpais.com,Male,200.18.105.111
988,Dorothy,Harrison,dharrisonrf@slashdot.org,Female,92.197.92.9
904,Gerald,Long,glongp3@nba.com,Male,199.209.220.196
727,David,Gonzalez,dgonzalezk6@pen.io,Male,32.184.239.20
772,Doris,Phillips,dphillipslf@surveymonkey.com,Female,69.77.36.208
819,Julie,Cole,jcolemq@bravesites.com,Female,246.70.118.120
791,Larry,Vasquez,lvasquezly@washington.edu,Male,61.187.209.156
707,Lawrence,Turner,lturnerjm@phpbb.com,Male,149.4.135.215
722,Nancy,Adams,nadamsk1@ocn.ne.jp,Female,92.75.173.245
552,Jack,Simpson,jsimpsonfb@cocolog-nifty.com,Male,211.223.21.119
136,Alice,Lee,alee3r@cam.ac.uk,Female,12.237.138.131
429,Margaret,Richards,mrichardsbw@bizjournals.com,Female,233.3.240.68
299,Sandra,Oliver,soliver8a@example.com,Female,95.93.109.209
392,Sandra,Gardner,sgardnerav@msu.edu,Female,146.236.225.10
593,Debra,Lynch,dlynchgg@tinyurl.com,Female,108.25.244.66
9,Stephen,Foster,sfoster8@hugedomains.com,Male,131.77.106.155
594,Larry,Daniels,ldanielsgh@jimdo.com,Male,205.95.188.195
186,Tammy,Bradley,tbradley55@umn.edu,Female,174.98.41.103
589,Fred,Nguyen,fnguyengc@ed.gov,Male,28.224.124.162
262,Mark,Cooper,mcooper79@about.com,Male,162.133.182.209
137,Lawrence,Austin,laustin3s@istockphoto.com,Male,174.59.158.145
105,Diane,Smith,dsmith2w@surveymonkey.com,Female,33.176.88.237
146,Beverly,Reed,breed41@feedburner.com,Female,139.172.213.161
169,Kathy,Kelly,kkelly4o@google.co.jp,Female,243.192.196.204
416,Richard,Greene,rgreenebj@usda.gov,Male,184.201.100.137
19,Diana,Palmer,dpalmeri@paypal.com,Female,149.181.102.209
180,Samuel,Peters,speters4z@dailymotion.com,Male,3.110.233.138
251,Johnny,Rodriguez,jrodriguez6y@people.com.cn,Male,109.201.35.142
884,Wayne,Holmes,wholmesoj@pbs.org,Male,69.244.11.50
885,Frank,Harper,fharperok@cbslocal.com,Male,37.174.219.124
55,Louise,Romero,lromero1i@sourceforge.net,Female,217.255.122.236
245,Kathleen,Elliott,kelliott6s@ucoz.ru,Female,104.211.129.3
483,Jimmy,Fields,jfieldsde@ucoz.ru,Male,91.191.205.228
542,Melissa,Reid,mreidf1@istockphoto.com,Female,75.81.146.0
907,Frances,Hamilton,fhamiltonp6@seattletimes.com,Female,238.103.236.14
893,Nancy,Coleman,ncolemanos@sohu.com,Female,180.212.42.203
607,Debra,Morgan,dmorgangu@jugem.jp,Female,237.142.118.224
178,Doris,Carr,dcarr4x@i2i.jp,Female,5.140.175.85
296,Dorothy,Bradley,dbradley87@printfriendly.com,Female,160.210.22.213
548,Ernest,Knight,eknightf7@studiopress.com,Male,177.66.56.145
272,Donald,Richards,drichards7j@amazon.de,Male,219.189.153.94
687,Amanda,Frazier,afrazierj2@reddit.com,Female,244.92.86.45
553,Lawrence,Martin,lmartinfc@1und1.de,Male,224.170.39.141
740,Adam,Diaz,adiazkj@fc2.com,Male,110.16.68.149
903,Mildred,Cole,mcolep2@paypal.com,Female,243.149.0.191
777,Diane,Montgomery,dmontgomerylk@so-net.ne.jp,Female,55.206.87.135
41,Samuel,Dixon,sdixon14@bloglines.com,Male,253.204.141.213
214,Kevin,Wright,kwright5x@scribd.com,Male,99.57.110.161
464,Nancy,Austin,naustincv@gmpg.org,Female,87.112.49.5
899,Terry,Andrews,tandrewsoy@hud.gov,Male,210.161.185.12
330,Stephanie,Evans,sevans95@ox.ac.uk,Female,181.253.154.59
3,Margaret,Rose,mrose2@marketwatch.com,Female,182.245.113.53
297,Teresa,Banks,tbanks88@deviantart.com,Female,190.203.182.149
121,Martin,Marshall,mmarshall3c@utexas.edu,Male,227.254.149.50
741,Justin,Boyd,jboydkk@infoseek.co.jp,Male,117.239.230.67
793,Katherine,Chapman,kchapmanm0@businesswire.com,Female,234.203.75.138
836,Roger,Bowman,rbowmann7@tumblr.com,Male,171.60.250.63
150,Kelly,Weaver,kweaver45@nymag.com,Female,212.45.89.151
65,Louis,Campbell,lcampbell1s@smh.com.au,Male,191.76.128.55
640,Norma,Austin,naustinhr@nih.gov,Female,93.50.41.237
87,Eugene,Lewis,elewis2e@google.co.uk,Male,41.135.153.67
94,Victor,Howard,vhoward2l@hexun.com,Male,84.238.175.224
567,Jason,Palmer,jpalmerfq@yandex.ru,Male,186.22.194.29
926,Mildred,Rogers,mrogerspp@cnet.com,Female,74.63.191.85
495,Teresa,Garza,tgarzadq@163.com,Female,138.11.210.77
632,Jeffrey,Perez,jperezhj@bloglovin.com,Male,147.230.61.207
723,Patrick,Stewart,pstewartk2@mit.edu,Male,245.129.130.61
74,James,West,jwest21@ning.com,Male,112.30.107.115
310,Nicole,Burke,nburke8l@timesonline.co.uk,Female,239.97.219.218
730,Melissa,Wilson,mwilsonk9@pagesperso-orange.fr,Female,169.69.155.74
151,Christina,Hunt,chunt46@npr.org,Female,199.7.19.21
882,Carlos,Frazier,cfrazieroh@sakura.ne.jp,Male,178.123.47.120
322,Gloria,Ellis,gellis8x@youtube.com,Female,58.183.26.104
783,Walter,Kennedy,wkennedylq@washington.edu,Male,196.194.26.185
993,Gerald,Porter,gporterrk@mozilla.com,Male,75.158.91.132
2,Susan,Simpson,ssimpson1@cam.ac.uk,Female,149.232.13.144
490,Joan,Young,jyoungdl@amazon.co.jp,Female,1.111.206.25
292,Jimmy,Marshall,jmarshall83@theguardian.com,Male,247.137.37.27
120,Alice,Thompson,athompson3b@discuz.net,Female,144.36.146.134
405,Christine,Jackson,cjacksonb8@disqus.com,Female,24.55.223.10
391,Martha,Campbell,mcampbellau@discuz.net,Female,154.242.186.37
152,Larry,Johnston,ljohnston47@zimbio.com,Male,174.114.181.20
78,Sara,Cunningham,scunningham25@google.pl,Female,148.143.244.240
889,Janet,Flores,jfloresoo@economist.com,Female,223.247.61.196
291,Terry,Wheeler,twheeler82@bizjournals.com,Male,168.160.233.237
434,Samuel,Reid,sreidc1@nyu.edu,Male,242.252.138.221
79,Michelle,Lynch,mlynch26@google.it,Female,128.211.87.21
334,Ryan,Cole,rcole99@ycombinator.com,Male,231.41.66.145
323,Steve,Kelley,skelley8y@virginia.edu,Male,76.19.211.28
781,Virginia,Gilbert,vgilbertlo@mapy.cz,Female,167.226.115.209
295,Samuel,Black,sblack86@guardian.co.uk,Male,81.183.99.212
665,Theresa,Baker,tbakerig@elpais.com,Female,178.55.178.201
863,Joe,Robinson,jrobinsonny@chicagotribune.com,Male,146.181.193.230
764,Heather,Jones,hjonesl7@github.com,Female,29.19.125.250
234,Judith,Ellis,jellis6h@loc.gov,Female,142.55.154.116
34,Juan,Bradley,jbradleyx@vkontakte.ru,Male,110.106.219.66
92,Jerry,Mccoy,jmccoy2j@jiathis.com,Male,56.215.127.177
897,Jeremy,Montgomery,jmontgomeryow@mail.ru,Male,18.198.14.52
288,Kimberly,Bailey,kbailey7z@google.es,Female,245.77.149.168
148,Lori,Cunningham,lcunningham43@loc.gov,Female,73.49.164.99
591,Jeremy,Owens,jowensge@tamu.edu,Male,13.193.84.97
564,Stephanie,Peters,spetersfn@indiatimes.com,Female,26.166.168.99
605,Alan,Kelley,akelleygs@vk.com,Male,203.70.73.208
975,Theresa,Schmidt,tschmidtr2@moonfruit.com,Female,80.169.2.171
956,Catherine,Hanson,chansonqj@youku.com,Female,109.149.40.48
125,Richard,Martin,rmartin3g@economist.com,Male,193.166.34.170
787,Andrea,Stewart,astewartlu@unicef.org,Female,63.136.121.60
233,Stephanie,Kelley,skelley6g@columbia.edu,Female,127.140.97.31
470,Ronald,Foster,rfosterd1@cbc.ca,Male,90.7.44.152
188,Denise,Burke,dburke57@goo.gl,Female,253.229.254.181
172,Scott,Jackson,sjackson4r@reddit.com,Male,205.136.89.245
977,Kathryn,Pierce,kpiercer4@mail.ru,Female,128.75.193.236
708,Aaron,Harris,aharrisjn@amazon.com,Male,198.150.189.84
667,Amy,Dunn,adunnii@quantcast.com,Female,93.72.73.37
202,Doris,Burton,dburton5l@etsy.com,Female,93.19.97.168
140,Eric,Gomez,egomez3v@networkadvertising.org,Male,187.74.224.221
450,Wayne,White,wwhitech@cbsnews.com,Male,214.237.82.249
540,Rose,Turner,rturnerez@springer.com,Female,69.220.153.170
648,Julia,Owens,jowenshz@goodreads.com,Female,6.33.136.186
543,Christine,Welch,cwelchf2@unicef.org,Female,99.99.45.234
414,Teresa,Reid,treidbh@aboutads.info,Female,60.60.228.136
115,Henry,Cox,hcox36@tamu.edu,Male,59.130.17.250
613,Peter,Mitchell,pmitchellh0@github.io,Male,114.202.132.26
142,Bonnie,Perry,bperry3x@mashable.com,Female,74.39.49.83
536,Chris,Ray,crayev@forbes.com,Male,183.116.98.194
95,Martin,Mason,mmason2m@whitehouse.gov,Male,168.154.39.181
29,Norma,Harper,nharpers@diigo.com,Female,126.119.32.77
905,Diane,Garza,dgarzap4@51.la,Female,55.71.170.87
590,Gary,Bryant,gbryantgd@icio.us,Male,203.24.193.210
539,Jason,Wood,jwoodey@nba.com,Male,74.0.87.109
462,David,White,dwhitect@surveymonkey.com,Male,190.77.47.105
872,Carol,Alvarez,calvarezo7@chicagotribune.com,Female,155.151.207.83
844,Irene,Scott,iscottnf@i2i.jp,Female,126.251.189.118
519,Carl,Cooper,ccooperee@typepad.com,Male,8.43.152.156
196,Denise,Rose,drose5f@domainmarket.com,Female,239.236.23.148
448,Steven,Gutierrez,sgutierrezcf@surveymonkey.com,Male,255.26.128.123
798,Bruce,Montgomery,bmontgomerym5@wufoo.com,Male,76.255.128.230
97,Lori,Gomez,lgomez2o@furl.net,Female,14.170.96.118
566,Sean,Willis,swillisfp@acquirethisname.com,Male,26.227.62.34
353,Laura,Hamilton,lhamilton9s@biglobe.ne.jp,Female,212.65.77.184
230,Christine,Lawrence,clawrence6d@blogger.com,Female,40.109.27.248
467,Harry,Fuller,hfullercy@china.com.cn,Male,107.51.135.214
878,Ryan,Perry,rperryod@japanpost.jp,Male,70.47.119.231
21,Harry,Marshall,hmarshallk@marketwatch.com,Male,46.65.101.63
440,Rose,Moore,rmoorec7@xing.com,Female,164.80.117.86
788,Martin,Jacobs,mjacobslv@newsvine.com,Male,61.225.25.127
985,Martin,Davis,mdavisrc@deliciousdays.com,Male,197.34.184.145
933,Ann,Andrews,aandrewspw@yahoo.com,Female,57.99.174.170
365,Walter,Carroll,wcarrolla4@oakley.com,Male,46.203.246.147
717,Larry,Nelson,lnelsonjw@people.com.cn,Male,172.180.155.4
195,Sarah,Bell,sbell5e@unicef.org,Female,108.245.12.43
676,Jessica,Powell,jpowellir@adobe.com,Female,222.140.123.129
347,Shirley,Reid,sreid9m@ft.com,Female,60.166.217.244
800,Linda,Fox,lfoxm7@imageshack.us,Female,179.99.109.132
524,Ruby,Cole,rcoleej@ox.ac.uk,Female,158.106.181.111
349,Todd,Ford,tford9o@boston.com,Male,212.162.159.247
463,Virginia,Scott,vscottcu@liveinternet.ru,Female,249.180.206.206
442,Ruth,Welch,rwelchc9@mayoclinic.com,Female,113.147.68.65
623,Sarah,Pierce,spierceha@guardian.co.uk,Female,92.177.51.55
385,Harry,Williamson,hwilliamsonao@blogger.com,Male,117.227.142.15
326,Howard,Dean,hdean91@usatoday.com,Male,103.70.106.152
672,Katherine,Robinson,krobinsonin@goo.ne.jp,Female,69.182.69.208
824,Mark,Rose,mrosemv@tmall.com,Male,180.8.135.248
537,Jeremy,Patterson,jpattersonew@bbb.org,Male,250.70.69.202
927,Michelle,Webb,mwebbpq@cmu.edu,Female,173.13.86.131
967,Beverly,Crawford,bcrawfordqu@dmoz.org,Female,75.208.58.40
379,Paul,Rodriguez,prodriguezai@irs.gov,Male,202.170.39.21
161,Margaret,Simmons,msimmons4g@networksolutions.com,Female,195.205.134.168
617,Stephanie,Peterson,spetersonh4@cam.ac.uk,Female,21.102.12.22
402,Julia,Powell,jpowellb5@google.com.hk,Female,199.55.127.179
742,Joan,Payne,jpaynekl@multiply.com,Female,126.51.149.249
418,Denise,Gonzales,dgonzalesbl@parallels.com,Female,191.245.139.154
910,Fred,Simmons,fsimmonsp9@technorati.com,Male,23.243.242.102
871,Doris,Ramirez,dramirezo6@opera.com,Female,190.103.245.194
505,Philip,Johnson,pjohnsone0@paypal.com,Male,36.82.212.123
304,Frank,Johnston,fjohnston8f@statcounter.com,Male,150.195.36.82
738,Gary,Ford,gfordkh@elegantthemes.com,Male,81.76.60.104
664,Jesse,Dixon,jdixonif@lycos.com,Male,89.232.187.120
880,Patrick,Boyd,pboydof@nasa.gov,Male,203.155.108.123
494,Susan,Rice,sricedp@chronoengine.com,Female,155.204.193.132
969,George,Stephens,gstephensqw@imageshack.us,Male,236.23.151.82
14,Sharon,Berry,sberryd@miibeian.gov.cn,Female,54.173.132.199
754,Laura,Thompson,lthompsonkx@printfriendly.com,Female,48.255.132.201
970,Samuel,Morgan,smorganqx@shop-pro.jp,Male,217.171.103.74
177,Sara,Price,sprice4w@samsung.com,Female,67.203.159.85
673,Juan,Grant,jgrantio@livejournal.com,Male,78.243.228.237
508,Judith,Frazier,jfraziere3@hud.gov,Female,212.12.66.100
531,Lawrence,James,ljameseq@usgs.gov,Male,76.250.50.10
369,Gerald,Black,gblacka8@gmpg.org,Male,132.223.4.240
88,Laura,Lopez,llopez2f@google.com,Female,11.94.24.210
173,Alice,Burke,aburke4s@about.me,Female,69.211.51.123
138,Clarence,Campbell,ccampbell3t@lycos.com,Male,225.234.187.116
203,Annie,Olson,aolson5m@marketwatch.com,Female,119.209.162.91
332,Harry,Morrison,hmorrison97@e-recht24.de,Male,73.143.93.73
486,Henry,Miller,hmillerdh@oaic.gov.au,Male,99.231.36.91
923,Fred,Moreno,fmorenopm@zimbio.com,Male,5.178.141.156
855,Aaron,Lopez,alopeznq@a8.net,Male,30.149.115.181
268,Paula,Ellis,pellis7f@slideshare.net,Female,182.187.145.183
167,Ryan,Peterson,rpeterson4m@ft.com,Male,198.229.254.19
775,Robin,Long,rlongli@merriam-webster.com,Female,0.139.53.132
259,Charles,Parker,cparker76@desdev.cn,Male,64.229.152.143
341,Joan,Jenkins,jjenkins9g@de.vu,Female,97.169.68.84
318,Philip,Brooks,pbrooks8t@nationalgeographic.com,Male,183.16.85.29
624,Joe,Greene,jgreenehb@adobe.com,Male,14.61.237.200
156,Rebecca,Reed,rreed4b@reddit.com,Female,51.1.8.78
116,Michelle,Foster,mfoster37@umn.edu,Female,98.149.150.247
756,Bonnie,Kennedy,bkennedykz@dropbox.com,Female,159.115.138.115
224,William,Taylor,wtaylor67@bravesites.com,Male,78.250.238.231
883,Robin,Fisher,rfisheroi@delicious.com,Female,234.149.173.75
75,Peter,Walker,pwalker22@reference.com,Male,136.255.11.247
237,Dennis,Gomez,dgomez6k@elpais.com,Male,42.102.143.176
367,Julie,Woods,jwoodsa6@furl.net,Female,169.112.94.250
569,Steve,Greene,sgreenefs@uol.com.br,Male,155.62.138.158
324,Lawrence,Myers,lmyers8z@youtu.be,Male,155.21.234.164
25,Jean,Weaver,jweavero@ucoz.ru,Female,200.206.254.95
768,Denise,Gibson,dgibsonlb@amazonaws.com,Female,198.36.213.185
283,Gloria,Bailey,gbailey7u@sun.com,Female,81.244.62.3
865,Janice,Kim,jkimo0@sohu.com,Female,218.218.163.40
769,Elizabeth,Webb,ewebblc@g.co,Female,9.98.110.251
683,Rachel,Cole,rcoleiy@tripadvisor.com,Female,204.33.20.44
655,Irene,Andrews,iandrewsi6@fc2.com,Female,45.80.4.107
153,Janice,Cook,jcook48@delicious.com,Female,152.161.210.31
936,Arthur,Gordon,agordonpz@shutterfly.com,Male,14.120.6.125
124,Jack,Peters,jpeters3f@goo.gl,Male,24.52.24.197
179,Sharon,Meyer,smeyer4y@mayoclinic.com,Female,59.82.115.11
649,Larry,Gardner,lgardneri0@pinterest.com,Male,140.120.85.103
175,Ann,Ellis,aellis4u@oakley.com,Female,244.108.72.146
550,Brian,Brown,bbrownf9@usatoday.com,Male,175.225.213.33
455,Bobby,Schmidt,bschmidtcm@biglobe.ne.jp,Male,31.40.139.17
812,Amy,Ortiz,aortizmj@cyberchimps.com,Female,247.44.13.125
841,Debra,Snyder,dsnydernc@columbia.edu,Female,232.250.81.218
473,Gregory,Thomas,gthomasd4@omniture.com,Male,114.70.115.217
301,Jonathan,Daniels,jdaniels8c@deviantart.com,Male,55.38.43.1
612,Martha,Nguyen,mnguyengz@indiegogo.com,Female,205.18.130.186
502,Jonathan,Kelly,jkellydx@canalblog.com,Male,21.238.165.239
538,Julie,Fisher,jfisherex@merriam-webster.com,Female,71.208.72.230
102,Antonio,Hicks,ahicks2t@elpais.com,Male,188.216.67.32
480,Cheryl,Dixon,cdixondb@zimbio.com,Female,213.216.28.58
435,Albert,Ellis,aellisc2@google.ru,Male,227.6.46.39
698,Betty,Young,byoungjd@a8.net,Female,145.172.111.218
256,Jose,Nguyen,jnguyen73@census.gov,Male,1.100.147.17
147,Ernest,Gordon,egordon42@geocities.jp,Male,3.124.242.190
861,Amanda,Mason,amasonnw@microsoft.com,Female,3.131.61.164
346,Raymond,Reynolds,rreynolds9l@livejournal.com,Male,81.104.149.211
869,Bonnie,Alexander,balexandero4@addthis.com,Female,205.221.67.44
360,Bobby,Riley,briley9z@xinhuanet.com,Male,237.156.135.134
779,Jean,Palmer,jpalmerlm@epa.gov,Female,117.191.12.232
945,Lisa,Knight,lknightq8@moonfruit.com,Female,244.164.206.130
376,Jacqueline,Martin,jmartinaf@1688.com,Female,122.3.137.52
759,Shawn,Payne,spaynel2@vistaprint.com,Male,68.58.147.251
598,Alice,Williamson,awilliamsongl@theguardian.com,Female,25.77.220.130
257,Louis,Campbell,lcampbell74@mac.com,Male,129.140.125.210
954,Joseph,Lopez,jlopezqh@spotify.com,Male,157.109.119.183
627,Ryan,Franklin,rfranklinhe@cloudflare.com,Male,97.195.191.250
578,Sara,Jackson,sjacksong1@yahoo.co.jp,Female,151.96.14.146
981,Alan,Kim,akimr8@blogs.com,Male,97.248.93.123
971,Willie,Cruz,wcruzqy@mtv.com,Male,45.195.118.88
560,Tina,Arnold,tarnoldfj@cocolog-nifty.com,Female,65.116.93.204
406,Andrew,Kim,akimb9@whitehouse.gov,Male,145.32.143.141
874,Steven,Sims,ssimso9@cmu.edu,Male,218.72.62.109
383,Jeffrey,Harrison,jharrisonam@dyndns.org,Male,57.236.2.226
628,Barbara,Day,bdayhf@360.cn,Female,120.255.5.254
523,Karen,Gibson,kgibsonei@themeforest.net,Female,98.83.50.246
240,Jacqueline,Brown,jbrown6n@abc.net.au,Female,210.47.126.105
574,Charles,Evans,cevansfx@uol.com.br,Male,250.87.103.53
657,Craig,Rice,cricei8@seesaa.net,Male,164.10.48.1
98,Donald,Jackson,djackson2p@oracle.com,Male,184.32.231.5
119,David,Jordan,djordan3a@google.it,Male,245.164.0.83
42,Robin,Warren,rwarren15@hubpages.com,Female,198.148.101.205
20,Jason,Simpson,jsimpsonj@baidu.com,Male,190.85.230.102
557,Alice,Marshall,amarshallfg@alibaba.com,Female,193.164.132.104
372,Gerald,Wallace,gwallaceab@washingtonpost.com,Male,252.228.158.104
737,Deborah,Harrison,dharrisonkg@ihg.com,Female,200.77.166.46
638,Johnny,Rivera,jriverahp@nsw.gov.au,Male,160.21.169.230
305,Brenda,Reyes,breyes8g@t.co,Female,227.142.32.5
16,Judith,Owens,jowensf@istockphoto.com,Female,114.25.149.65
565,Clarence,Frazier,cfrazierfo@etsy.com,Male,216.158.79.248
225,Philip,Armstrong,parmstrong68@mysql.com,Male,172.239.175.166
7,Howard,White,hwhite6@feedburner.com,Male,42.74.139.165
445,Robin,Wallace,rwallacecc@github.com,Female,226.111.235.118
342,Jessica,Edwards,jedwards9h@meetup.com,Female,67.27.139.35
329,Pamela,Bryant,pbryant94@apache.org,Female,205.249.176.141
608,Lois,Andrews,landrewsgv@techcrunch.com,Female,41.14.134.254
516,Donald,Simpson,dsimpsoneb@java.com,Male,43.85.17.25
785,Phillip,Hart,phartls@zdnet.com,Male,242.183.100.157
401,Brenda,Jenkins,bjenkinsb4@gizmodo.com,Female,70.119.250.253
373,Bonnie,Fields,bfieldsac@google.com.hk,Female,77.192.238.228
481,Stephanie,Fowler,sfowlerdc@github.com,Female,220.62.4.46
274,Kenneth,Hernandez,khernandez7l@studiopress.com,Male,92.59.121.65
484,Nancy,Torres,ntorresdf@webs.com,Female,225.100.16.244
852,Aaron,Ward,awardnn@hud.gov,Male,47.248.39.86
331,Bobby,Castillo,bcastillo96@constantcontact.com,Male,2.70.244.191
901,Scott,Wagner,swagnerp0@statcounter.com,Male,41.175.46.12
252,Karen,Cole,kcole6z@chron.com,Female,119.49.57.40
796,Bonnie,Morris,bmorrism3@facebook.com,Female,111.180.117.169
937,Keith,Washington,kwashingtonq0@slideshare.net,Male,155.148.152.47
867,Willie,Bradley,wbradleyo2@printfriendly.com,Male,73.113.45.53
701,Randy,Mason,rmasonjg@japanpost.jp,Male,253.215.219.118
994,Diana,Mcdonald,dmcdonaldrl@de.vu,Female,215.215.199.111
866,Raymond,Boyd,rboydo1@ft.com,Male,84.47.220.111
851,Robin,Morales,rmoralesnm@hud.gov,Female,27.149.75.6
934,Irene,Payne,ipaynepx@last.fm,Female,86.215.220.213
122,Laura,Wood,lwood3d@networkadvertising.org,Female,2.54.46.69
382,Jose,Wallace,jwallaceal@berkeley.edu,Male,146.213.208.0
642,Daniel,Cox,dcoxht@nationalgeographic.com,Male,8.42.27.196
436,Joshua,Adams,jadamsc3@mysql.com,Male,204.157.211.242
86,Phyllis,Stephens,pstephens2d@chron.com,Female,124.121.89.148
400,Carolyn,Young,cyoungb3@biblegateway.com,Female,148.154.55.132
625,Joshua,Peters,jpetershc@constantcontact.com,Male,142.36.223.92
359,Jimmy,Carroll,jcarroll9y@newsvine.com,Male,18.174.114.112
950,Terry,Mendoza,tmendozaqd@ibm.com,Male,85.77.163.79
611,Nicholas,Berry,nberrygy@washingtonpost.com,Male,116.8.186.55
53,Gary,Wheeler,gwheeler1g@homestead.com,Male,28.131.181.6
165,Raymond,Allen,rallen4k@sfgate.com,Male,204.241.58.121
210,Benjamin,Schmidt,bschmidt5t@amazon.co.uk,Male,56.84.235.36
8,Jennifer,Harper,jharper7@digg.com,Female,207.168.99.176
551,Amy,Perry,aperryfa@youtube.com,Female,148.34.145.29
637,Nancy,Jacobs,njacobsho@nyu.edu,Female,165.168.182.32
921,Patricia,Reyes,preyespk@toplist.cz,Female,62.35.144.164
891,Jeremy,Rivera,jriveraoq@samsung.com,Male,96.133.24.82
595,Kevin,Alexander,kalexandergi@feedburner.com,Male,99.79.104.116
983,Johnny,Ward,jwardra@washingtonpost.com,Male,162.7.60.202
739,Sean,Lawrence,slawrenceki@irs.gov,Male,194.144.125.37
563,Robin,George,rgeorgefm@acquirethisname.com,Female,95.221.90.164
133,Brandon,Cooper,bcooper3o@paypal.com,Male,246.29.183.197
650,Margaret,Henderson,mhendersoni1@dedecms.com,Female,9.162.227.129
206,Diana,Warren,dwarren5p@arstechnica.com,Female,185.70.216.1
900,Thomas,Moore,tmooreoz@vkontakte.ru,Male,17.94.116.182
896,Aaron,Fernandez,afernandezov@unesco.org,Male,72.157.117.128
753,Denise,Dunn,ddunnkw@tmall.com,Female,202.243.171.114
706,Aaron,Holmes,aholmesjl@goo.ne.jp,Male,150.220.60.196
600,Margaret,Marshall,mmarshallgn@myspace.com,Female,89.71.159.60
862,Frank,Walker,fwalkernx@usnews.com,Male,185.152.41.36
583,Andrea,Kim,akimg6@paypal.com,Female,28.196.120.20
155,Paul,Rodriguez,prodriguez4a@technorati.com,Male,156.241.218.191
622,Joseph,Hernandez,jhernandezh9@goodreads.com,Male,212.73.133.189
287,Stephanie,Hudson,shudson7y@mapy.cz,Female,79.54.144.89
128,Roger,Howell,rhowell3j@mapy.cz,Male,240.247.9.184
413,Aaron,Murphy,amurphybg@washington.edu,Male,62.218.190.189
312,Aaron,Mendoza,amendoza8n@mayoclinic.com,Male,120.145.124.190
974,Jeremy,Meyer,jmeyerr1@adobe.com,Male,9.97.223.185
782,Laura,Duncan,lduncanlp@adobe.com,Female,223.151.90.152
489,Chris,Chavez,cchavezdk@abc.net.au,Male,147.68.80.20
902,Keith,Montgomery,kmontgomeryp1@storify.com,Male,12.90.96.241
816,Bruce,Hudson,bhudsonmn@free.fr,Male,47.96.21.3
875,Paul,Hawkins,phawkinsoa@craigslist.org,Male,15.244.30.96
267,John,Harvey,jharvey7e@cargocollective.com,Male,230.2.46.16
453,Keith,Welch,kwelchck@columbia.edu,Male,93.55.4.244
668,Arthur,Barnes,abarnesij@i2i.jp,Male,23.38.171.118
747,Dennis,Freeman,dfreemankq@paginegialle.it,Male,187.103.98.46
928,Sean,Wood,swoodpr@ihg.com,Male,177.74.59.185
671,Virginia,Henry,vhenryim@myspace.com,Female,70.85.173.246
616,Martha,Hunter,mhunterh3@abc.net.au,Female,73.121.37.90
411,Sean,Campbell,scampbellbe@joomla.org,Male,6.47.169.26
415,Robert,Cunningham,rcunninghambi@toplist.cz,Male,249.96.72.232
898,Anthony,Alvarez,aalvarezox@ftc.gov,Male,122.145.145.196
886,Chris,Elliott,celliottol@taobao.com,Male,134.121.190.38
807,Mildred,Parker,mparkerme@goo.ne.jp,Female,57.149.187.15
751,Ralph,Greene,rgreeneku@kickstarter.com,Male,183.24.143.45
720,Harold,Wood,hwoodjz@ovh.net,Male,116.42.106.219
858,Lisa,Banks,lbanksnt@nymag.com,Female,167.51.95.195
57,Edward,Webb,ewebb1k@ning.com,Male,231.23.55.113
350,Cynthia,Barnes,cbarnes9p@globo.com,Female,124.250.118.254
811,Alan,Murphy,amurphymi@blogtalkradio.com,Male,42.84.77.109
433,Diana,Dean,ddeanc0@angelfire.com,Female,62.232.243.8
506,Benjamin,Lopez,blopeze1@army.mil,Male,77.239.128.42
859,Anne,Elliott,aelliottnu@rakuten.co.jp,Female,115.73.96.2
930,Mark,Banks,mbankspt@google.de,Male,82.203.149.10
780,Denise,Cole,dcoleln@pbs.org,Female,124.88.125.239
545,Kelly,Fox,kfoxf4@newyorker.com,Female,5.197.90.103
264,Gary,Mitchell,gmitchell7b@sohu.com,Male,96.52.245.42
732,Beverly,Stone,bstonekb@msn.com,Female,84.14.101.189
475,Jimmy,Cooper,jcooperd6@virginia.edu,Male,169.22.59.243
67,Larry,Martinez,lmartinez1u@yandex.ru,Male,195.170.124.158
118,Jerry,Baker,jbaker39@imgur.com,Male,220.68.74.122
487,Denise,Payne,dpaynedi@apple.com,Female,161.41.189.9
932,Matthew,Johnston,mjohnstonpv@hostgator.com,Male,84.173.14.175
100,Christina,Grant,cgrant2r@scientificamerican.com,Female,118.242.198.194
827,Annie,Ford,afordmy@kickstarter.com,Female,245.235.78.98
619,Fred,Owens,fowensh6@canalblog.com,Male,150.42.7.105
710,Barbara,Rogers,brogersjp@epa.gov,Female,227.63.217.17
438,Martha,Brown,mbrownc5@storify.com,Female,19.219.88.83
711,Pamela,Thomas,pthomasjq@elpais.com,Female,207.249.175.162
733,Scott,Banks,sbankskc@mediafire.com,Male,40.43.125.14
709,Lisa,Bailey,lbaileyjo@businessinsider.com,Female,107.24.179.119
456,Frances,Riley,frileycn@biglobe.ne.jp,Female,97.91.108.88
814,Virginia,Ramirez,vramirezml@infoseek.co.jp,Female,247.247.253.56
254,Linda,Wheeler,lwheeler71@google.com.hk,Female,43.164.168.249
770,Cynthia,Reid,creidld@dailymotion.com,Female,118.156.35.114
602,Sarah,Hall,shallgp@hibu.com,Female,103.138.58.135
786,Kimberly,Flores,kfloreslt@wikispaces.com,Female,157.138.160.140
184,Gregory,Morrison,gmorrison53@toplist.cz,Male,150.40.61.246
653,Cheryl,Stewart,cstewarti4@reddit.com,Female,161.212.165.133
661,Carl,Gutierrez,cgutierrezic@nbcnews.com,Male,164.156.44.60
892,Marilyn,Garcia,mgarciaor@etsy.com,Female,221.22.96.197
679,Jennifer,Hughes,jhughesiu@patch.com,Female,48.138.219.1
317,Carlos,Daniels,cdaniels8s@virginia.edu,Male,136.37.22.45
965,Kenneth,Williamson,kwilliamsonqs@theguardian.com,Male,187.184.114.177
431,Jacqueline,Miller,jmillerby@networksolutions.com,Female,156.47.128.231
604,Ruth,Rice,rricegr@wiley.com,Female,165.168.117.38
576,Lawrence,Smith,lsmithfz@google.com.hk,Male,52.151.126.22
842,Rachel,Mason,rmasonnd@meetup.com,Female,120.195.213.195
39,Lawrence,Morris,lmorris12@fda.gov,Male,96.85.198.252
504,Tammy,Ford,tforddz@cnbc.com,Female,138.218.83.247
641,Bobby,Fuller,bfullerhs@prweb.com,Male,161.88.182.49
26,Andrea,Hill,ahillp@marketwatch.com,Female,62.1.53.41
176,Carl,Jackson,cjackson4v@drupal.org,Male,131.148.30.48
636,Albert,Kelley,akelleyhn@dot.gov,Male,251.96.103.176
748,Ernest,James,ejameskr@nps.gov,Male,135.181.216.2
300,Theresa,Stephens,tstephens8b@gravatar.com,Female,230.141.174.199
64,Lisa,Lawrence,llawrence1r@xing.com,Female,152.133.179.179
792,Stephanie,Fowler,sfowlerlz@so-net.ne.jp,Female,162.103.49.153
23,Lisa,Snyder,lsnyderm@diigo.com,Female,79.20.153.166
386,Martha,Perkins,mperkinsap@myspace.com,Female,101.74.49.231
375,Brenda,White,bwhiteae@ow.ly,Female,221.187.140.50
476,Melissa,Brown,mbrownd7@independent.co.uk,Female,37.29.2.101
938,Maria,Snyder,msnyderq1@indiegogo.com,Female,170.5.62.207
881,Wayne,Bryant,wbryantog@rakuten.co.jp,Male,25.39.146.128
579,Ernest,Green,egreeng2@fotki.com,Male,217.11.0.81
93,Judith,Perry,jperry2k@typepad.com,Female,99.19.104.120
226,Kelly,Sims,ksims69@utexas.edu,Female,202.197.240.7
192,Marie,Ward,mward5b@arstechnica.com,Female,127.156.202.163
215,Diane,Riley,driley5y@alibaba.com,Female,76.55.249.104
838,Ernest,Mccoy,emccoyn9@mashable.com,Male,94.81.231.148
30,Stephanie,Rose,sroset@spotify.com,Female,40.34.11.160
911,Todd,Carroll,tcarrollpa@constantcontact.com,Male,6.218.233.166
63,Rebecca,Harrison,rharrison1q@weebly.com,Female,24.199.194.103
48,Patrick,Gardner,pgardner1b@ihg.com,Male,219.154.148.47
778,Joseph,Elliott,jelliottll@woothemes.com,Male,101.129.183.95
633,Antonio,Murray,amurrayhk@digg.com,Male,71.239.12.128
972,Carl,Martinez,cmartinezqz@harvard.edu,Male,69.12.251.72
790,Steve,Flores,sfloreslx@cloudflare.com,Male,200.73.162.182
615,Douglas,Matthews,dmatthewsh2@arstechnica.com,Male,138.70.246.36
403,Michael,Wagner,mwagnerb6@bizjournals.com,Male,190.96.190.49
526,Joseph,Brown,jbrownel@over-blog.com,Male,221.218.24.216
396,Carolyn,Hunter,chunteraz@washington.edu,Female,26.251.63.232
43,Thomas,Powell,tpowell16@sina.com.cn,Male,10.68.25.229
646,Emily,Woods,ewoodshx@msn.com,Female,98.45.89.86
437,Alan,Perry,aperryc4@1688.com,Male,106.209.77.163
454,Timothy,Woods,twoodscl@ask.com,Male,238.178.121.145
446,Virginia,Perez,vperezcd@godaddy.com,Female,238.79.239.64
498,William,Kennedy,wkennedydt@irs.gov,Male,232.105.180.23
659,Cynthia,Elliott,celliottia@drupal.org,Female,125.185.14.153
530,Antonio,Howell,ahowellep@sciencedaily.com,Male,29.141.61.75
541,Brenda,Hunt,bhuntf0@yandex.ru,Female,79.171.234.71
577,Frank,Watkins,fwatkinsg0@bizjournals.com,Male,147.127.106.110
499,Amy,Collins,acollinsdu@php.net,Female,12.112.66.5
432,Eugene,Reynolds,ereynoldsbz@ft.com,Male,66.225.195.197
236,Margaret,Richards,mrichards6j@dion.ne.jp,Female,86.53.22.94
10,Ernest,Green,egreen9@prweb.com,Male,108.190.131.54
12,Emily,Fields,efieldsb@cbsnews.com,Female,245.189.131.112
570,Barbara,West,bwestft@twitpic.com,Female,97.156.65.173
390,Angela,Reyes,areyesat@yahoo.com,Female,221.50.59.121
417,Joan,Gonzalez,jgonzalezbk@skype.com,Female,219.68.38.176
189,Margaret,Carr,mcarr58@multiply.com,Female,40.35.71.16
826,Diana,Berry,dberrymx@a8.net,Female,196.39.11.95
802,Gerald,Kim,gkimm9@jiathis.com,Male,74.210.0.8
795,Ruby,Snyder,rsnyderm2@sciencedirect.com,Female,82.185.56.115
973,Jeffrey,Black,jblackr0@usnews.com,Male,150.107.216.103
846,Shirley,Shaw,sshawnh@kickstarter.com,Female,200.79.105.220
845,Phillip,Perry,pperryng@ibm.com,Male,134.191.101.215
